,Bundle,Support,Confidence,Lift,Score
1,Correction Tape  +  Pencil Case,0.0825,0.4194915254237288,1.089588377723971,0.8034
2,Highlighter  +  Pencil Case,0.1041666666666666,0.3968253968253968,1.030715316429602,0.7736
3,Notebook  +  Pencil,0.1075,0.3524590163934426,1.0653673039600282,0.7587
4,Notebook  +  Watercolor Set,0.0458333333333333,0.3666666666666666,1.2021857923497268,0.754
5,Notebook  +  Pencil Case,0.1166666666666666,0.3825136612021858,0.9935419771485344,0.752
