,Bundle,Support,Confidence,Lift,Score
1,Ballpen  +  Staple Wire,0.1866666666666666,0.5125858123569794,1.1327863256507833,0.9276
2,Ballpen  +  Gel Pen,0.1925,0.4925373134328358,1.0884802506803002,0.8389
3,Calculator  +  Gel Pen,0.1591666666666666,0.4462616822429907,1.141820935376522,0.7896
4,Ballpen  +  Whiteboard Marker,0.1691666666666666,0.4915254237288136,1.0862440303399197,0.7834
5,Bond Paper  +  Clearbook,0.1583333333333333,0.4449648711943794,1.1194084809921494,0.7491
